{
    "06/2025": {
        "Profit/Loss": 1215.5299999999997
    },
    "09/2025": {
        "Profit/Loss": -3395.0299999999997
    },
    "08/2025": {
        "Profit/Loss": 262.43999999999994
    },
    "10/2025": {
        "Profit/Loss": 1165.9599999999994
    },
    "12/2025": {
        "Losses": -1733.4100000000003,
        "Gains": 3849.64,
        "Profit/Loss": 2116.2299999999996,
        "Categories": {
            "food_drink": -1717.5200000000002,
            "shopping": -15.89
        }
    }
}